Gameweek,Home Team,Away Team,Score,True Result,Pred Result,Home Win %,Draw %,Away Win %,Log Loss,Brier Score,RPS
1,Liverpool,Bournemouth,4-2,H,H,63.3%,20.3%,13.6%,0.4286,0.1847,0.0705
1,Aston Villa,Newcastle,0-0,D,A,36.8%,24.0%,37.3%,1.4077,0.8557,0.1426
1,Brighton,Fulham,1-1,D,H,42.7%,26.3%,30.1%,1.3262,0.8174,0.1389
1,Sunderland,West Ham,3-0,H,H,0.0%,0.0%,0.0%,1.0986,0.6667,0.2778
1,Tottenham,Burnley,3-0,H,H,63.5%,18.8%,13.6%,0.4122,0.1727,0.0671
1,Wolves,Man City,0-4,A,A,14.3%,20.6%,62.3%,0.4449,0.1955,0.0753
1,Chelsea,Crystal Palace,0-0,D,H,50.4%,25.1%,23.2%,1.3684,0.8715,0.1579
1,Nott'm Forest,Brentford,3-1,H,H,39.3%,26.7%,33.1%,0.925,0.5483,0.2378
1,Man United,Arsenal,0-1,A,A,14.4%,24.8%,59.8%,0.504,0.2407,0.0889
1,Leeds,Everton,1-0,H,H,62.9%,36.9%,0.2%,0.4637,0.2738,0.0688
2,West Ham,Chelsea,1-5,A,A,24.5%,23.6%,50.0%,0.6739,0.3606,0.1513
2,Man City,Tottenham,0-2,A,H,62.3%,18.8%,14.4%,1.8896,1.1844,0.5728
2,Bournemouth,Wolves,1-0,H,H,49.0%,25.0%,24.6%,0.6999,0.38,0.1579
2,Brentford,Aston Villa,1-0,H,A,35.1%,25.0%,38.5%,1.0328,0.6315,0.2837
2,Burnley,Sunderland,2-0,H,A,14.2%,25.1%,59.7%,1.9404,1.161,0.5484
2,Arsenal,Leeds,5-0,H,D,31.1%,42.6%,26.2%,1.1675,0.7253,0.2717
2,Crystal Palace,Nott'm Forest,1-1,D,H,40.6%,28.6%,30.4%,1.2472,0.7671,0.1296
2,Everton,Brighton,2-0,H,A,34.2%,30.9%,34.6%,1.07,0.6482,0.2761
2,Fulham,Man United,1-1,D,H,41.1%,28.4%,29.9%,1.2522,0.7713,0.1307
2,Newcastle,Liverpool,2-3,A,A,29.8%,23.8%,44.5%,0.7911,0.4501,0.1955
3,Chelsea,Fulham,2-0,H,H,53.8%,23.6%,20.9%,0.603,0.308,0.1251
3,Man United,Burnley,3-2,H,H,55.0%,25.4%,18.6%,0.587,0.2981,0.1162
3,Sunderland,Brentford,2-1,H,H,47.1%,28.3%,24.1%,0.7478,0.4168,0.168
3,Tottenham,Bournemouth,0-1,A,H,47.4%,24.1%,26.8%,1.2999,0.8218,0.3808
3,Wolves,Everton,2-3,A,H,34.4%,31.4%,34.0%,1.0778,0.6531,0.277
3,Leeds,Newcastle,0-0,D,H,45.3%,33.3%,21.2%,1.0981,0.6954,0.1256
3,Brighton,Man City,2-1,H,A,19.4%,23.0%,55.6%,1.6199,1.0203,0.4826
3,Nott'm Forest,West Ham,0-3,A,H,50.7%,24.4%,23.4%,1.4371,0.9074,0.423
3,Liverpool,Arsenal,1-0,H,A,32.7%,27.8%,38.9%,1.1104,0.6808,0.3014
3,Aston Villa,Crystal Palace,0-3,A,H,44.9%,26.9%,27.5%,1.285,0.8013,0.3639
4,Arsenal,Nott'm Forest,3-0,H,H,68.4%,19.9%,9.4%,0.3561,0.1404,0.0495
4,Bournemouth,Brighton,2-1,H,H,40.0%,27.0%,32.3%,0.9092,0.5363,0.2312
4,Crystal Palace,Sunderland,0-0,D,A,31.8%,32.0%,35.9%,1.1364,0.6925,0.1157
4,Everton,Aston Villa,0-0,D,A,32.2%,30.9%,36.7%,1.1732,0.7165,0.1198
4,Fulham,Leeds,1-0,H,A,18.0%,37.0%,45.0%,1.7148,1.0118,0.4374
4,Newcastle,Wolves,1-0,H,H,61.5%,19.2%,15.2%,0.4437,0.1935,0.0767
4,West Ham,Tottenham,0-3,A,A,29.1%,23.5%,45.3%,0.7713,0.4351,0.1886
4,Brentford,Chelsea,2-2,D,A,29.3%,24.9%,44.4%,1.3759,0.8497,0.1455
4,Burnley,Liverpool,0-1,A,A,7.9%,15.2%,71.0%,0.2814,0.0932,0.0336
4,Man City,Man United,3-0,H,H,62.3%,22.0%,13.8%,0.4533,0.2028,0.0763
5,Liverpool,Everton,2-1,H,H,59.6%,25.4%,14.1%,0.5082,0.2447,0.0894
5,Brighton,Tottenham,2-2,D,A,33.1%,24.6%,40.7%,1.388,0.8477,0.1423
5,Burnley,Nott'm Forest,1-1,D,A,25.4%,27.5%,46.4%,1.2834,0.806,0.1417
5,West Ham,Crystal Palace,1-2,A,A,26.7%,26.9%,45.7%,0.776,0.437,0.1818
5,Wolves,Leeds,1-3,A,A,15.5%,34.3%,50.1%,0.6901,0.3904,0.1363
5,Man United,Chelsea,2-1,H,A,24.5%,25.8%,48.7%,1.397,0.8765,0.4043
5,Fulham,Brentford,3-1,H,H,37.3%,27.1%,34.9%,0.9794,0.588,0.2567
5,Bournemouth,Newcastle,0-0,D,A,29.8%,26.2%,43.1%,1.3311,0.8212,0.1399
5,Sunderland,Aston Villa,1-1,D,H,41.6%,30.7%,27.4%,1.1768,0.7279,0.1247
5,Arsenal,Man City,1-1,D,H,45.5%,28.7%,25.3%,1.2443,0.7807,0.137
6,Brentford,Man United,3-1,H,H,40.6%,27.0%,31.6%,0.8926,0.524,0.2251
6,Chelsea,Brighton,1-3,A,H,50.3%,23.6%,24.2%,1.4007,0.889,0.4156
6,Crystal Palace,Liverpool,2-1,H,A,21.0%,26.1%,52.0%,1.553,0.9665,0.4485
6,Leeds,Bournemouth,2-2,D,H,45.3%,36.9%,17.8%,0.9976,0.6356,0.1185
6,Man City,Burnley,5-1,H,H,73.5%,14.6%,6.3%,0.2507,0.0775,0.0268
6,Nott'm Forest,Sunderland,0-1,A,A,25.3%,31.4%,43.1%,0.8403,0.4865,0.1937
6,Tottenham,Wolves,1-1,D,H,55.7%,21.4%,19.9%,1.5118,0.9798,0.1861
6,Aston Villa,Fulham,3-1,H,H,41.3%,27.4%,30.7%,0.878,0.5128,0.2185
6,Newcastle,Arsenal,1-2,A,A,20.5%,26.3%,52.3%,0.6391,0.3362,0.1329
6,Everton,West Ham,1-1,D,H,44.0%,29.5%,26.2%,1.2173,0.7593,0.1319
7,Bournemouth,Fulham,3-1,H,H,44.0%,27.3%,27.9%,0.8128,0.4644,0.1943
7,Leeds,Tottenham,1-2,A,H,49.3%,31.6%,18.9%,1.6654,1.0021,0.451
7,Arsenal,West Ham,2-0,H,H,74.1%,13.9%,5.9%,0.2377,0.0708,0.0244
7,Man United,Sunderland,2-0,H,A,26.0%,31.9%,41.8%,1.3444,0.8248,0.3611
7,Chelsea,Liverpool,2-1,H,A,25.9%,24.2%,48.3%,1.3343,0.844,0.3918
7,Aston Villa,Burnley,2-1,H,H,64.2%,20.1%,12.8%,0.4141,0.1752,0.0662
7,Everton,Crystal Palace,2-1,H,A,30.4%,33.7%,35.7%,1.1879,0.725,0.3054
7,Newcastle,Nott'm Forest,2-0,H,H,56.0%,23.7%,18.7%,0.5635,0.2796,0.1109
7,Wolves,Brighton,1-1,D,A,28.3%,25.0%,45.3%,1.373,0.8511,0.1468
7,Brentford,Man City,0-1,A,A,18.2%,21.4%,57.6%,0.5227,0.2491,0.1003
8,Nott'm Forest,Chelsea,0-3,A,A,26.1%,26.0%,46.9%,0.7478,0.416,0.1734
8,Brighton,Newcastle,2-1,H,A,31.2%,25.4%,42.2%,1.1537,0.7173,0.3256
8,Burnley,Leeds,2-0,H,A,12.8%,29.6%,57.3%,2.0564,1.1795,0.5456
8,Crystal Palace,Bournemouth,3-3,D,H,38.6%,28.6%,32.3%,1.2476,0.7641,0.128
8,Man City,Everton,2-0,H,H,62.1%,24.2%,12.6%,0.4664,0.2153,0.0776
8,Sunderland,Wolves,2-0,H,H,52.4%,28.4%,18.7%,0.6409,0.3406,0.1296
8,Fulham,Arsenal,0-1,A,A,12.7%,22.5%,63.2%,0.4428,0.197,0.0723
8,Tottenham,Aston Villa,1-2,A,H,43.5%,24.1%,30.6%,1.1665,0.7305,0.3351
8,Liverpool,Man United,1-2,A,H,63.3%,20.5%,13.5%,1.9777,1.2106,0.5832
8,West Ham,Brentford,0-2,A,A,32.5%,24.8%,41.2%,0.8711,0.5104,0.2236
9,Leeds,West Ham,2-1,H,H,56.9%,28.9%,13.8%,0.5602,0.2875,0.1016
9,Chelsea,Sunderland,1-2,A,H,41.6%,30.3%,27.8%,1.2782,0.7872,0.3473
9,Newcastle,Fulham,2-1,H,H,53.3%,24.5%,20.8%,0.6147,0.317,0.1276
9,Man United,Brighton,4-2,H,H,37.0%,27.1%,35.2%,0.9872,0.5937,0.2597
9,Brentford,Liverpool,3-2,H,A,23.8%,24.1%,50.5%,1.4208,0.8989,0.4194
9,Arsenal,Crystal Palace,1-0,H,H,63.8%,23.0%,11.8%,0.4354,0.1933,0.0695
9,Aston Villa,Man City,1-0,H,A,22.4%,25.0%,51.3%,1.4813,0.931,0.4335
9,Bournemouth,Nott'm Forest,2-0,H,H,54.1%,24.9%,19.8%,0.6025,0.3086,0.1225
9,Wolves,Burnley,2-3,A,H,44.1%,26.7%,28.3%,1.2537,0.7813,0.3543
9,Everton,Tottenham,0-3,A,A,30.8%,29.4%,39.4%,0.9272,0.548,0.2306
10,Brighton,Leeds,3-0,H,A,26.6%,33.0%,40.2%,1.3229,0.8099,0.3502
10,Burnley,Arsenal,0-2,A,A,7.9%,18.4%,71.0%,0.3156,0.1157,0.0399
10,Crystal Palace,Brentford,2-0,H,H,42.0%,26.6%,30.5%,0.8589,0.499,0.2134
10,Fulham,Wolves,3-0,H,H,52.1%,24.7%,21.9%,0.6386,0.3346,0.1359
10,Nott'm Forest,Man United,2-2,D,A,28.4%,28.0%,43.0%,1.2671,0.7849,0.1344
10,Tottenham,Chelsea,0-1,A,H,41.6%,23.6%,32.7%,1.0961,0.6819,0.312
10,Liverpool,Aston Villa,2-0,H,H,51.5%,24.0%,22.9%,0.6468,0.3403,0.1404
10,West Ham,Newcastle,3-1,H,A,21.8%,23.2%,53.0%,1.5034,0.9532,0.4486
10,Man City,Bournemouth,3-1,H,H,57.5%,23.3%,17.6%,0.5368,0.2605,0.1022
10,Sunderland,Everton,1-1,D,H,47.7%,33.5%,18.7%,1.092,0.7043,0.1314
11,Tottenham,Man United,2-2,D,H,49.8%,23.1%,24.9%,1.4422,0.9071,0.162
11,Everton,Fulham,2-0,H,H,35.8%,31.1%,32.9%,1.0254,0.6171,0.2601
11,West Ham,Burnley,3-2,H,H,51.6%,23.8%,22.9%,0.6449,0.3389,0.1401
11,Sunderland,Arsenal,2-2,D,A,19.4%,32.9%,47.6%,1.1113,0.7151,0.1325
11,Chelsea,Wolves,3-0,H,H,67.2%,16.8%,10.6%,0.3417,0.1278,0.0481
11,Aston Villa,Bournemouth,4-0,H,H,43.1%,26.1%,29.8%,0.8315,0.4788,0.2046
11,Brentford,Newcastle,3-1,H,H,38.9%,24.7%,34.9%,0.9302,0.5554,0.2462
11,Crystal Palace,Brighton,0-0,D,H,45.8%,25.5%,27.5%,1.3544,0.8428,0.1462
11,Nott'm Forest,Leeds,3-1,H,A,22.7%,34.6%,42.6%,1.4818,0.8989,0.3894
11,Man City,Liverpool,3-0,H,H,50.2%,24.5%,23.8%,0.6749,0.3614,0.1497
12,Burnley,Chelsea,0-2,A,A,22.6%,23.1%,52.2%,0.6298,0.3276,0.1359
12,Bournemouth,West Ham,2-2,D,H,57.0%,20.3%,18.9%,1.5543,1.0113,0.1947
12,Brighton,Brentford,2-1,H,H,50.9%,22.1%,24.1%,0.6466,0.3403,0.1442
12,Fulham,Sunderland,1-0,H,H,35.4%,30.1%,34.1%,1.0339,0.6237,0.2663
12,Liverpool,Nott'm Forest,0-3,A,H,68.2%,16.4%,9.9%,2.2597,1.3532,0.6615
12,Wolves,Crystal Palace,0-2,A,A,24.8%,26.6%,47.7%,0.731,0.4035,0.1658
12,Newcastle,Man City,2-1,H,A,25.9%,24.1%,48.3%,1.3337,0.8442,0.3922
12,Leeds,Aston Villa,1-2,A,H,40.8%,31.9%,27.2%,1.3011,0.7984,0.3483
12,Arsenal,Tottenham,4-1,H,H,69.8%,16.7%,8.9%,0.3129,0.1116,0.0405
12,Man United,Everton,0-1,A,H,52.5%,26.7%,20.1%,1.5972,0.988,0.4579
13,Brentford,Burnley,3-1,H,H,62.1%,19.4%,14.6%,0.4369,0.1892,0.0742
13,Man City,Leeds,3-2,H,H,58.4%,26.8%,14.2%,0.5324,0.2636,0.0954
13,Sunderland,Bournemouth,3-2,H,H,47.4%,28.1%,24.0%,0.7407,0.4115,0.166
13,Everton,Newcastle,1-4,A,A,32.4%,30.3%,37.0%,0.9916,0.5937,0.2506
13,Tottenham,Fulham,1-2,A,H,52.3%,22.8%,22.6%,1.4628,0.9312,0.4383
13,Crystal Palace,Man United,1-2,A,H,50.0%,26.6%,22.6%,1.4777,0.9214,0.4248
13,Aston Villa,Wolves,1-0,H,H,69.7%,16.0%,8.8%,0.3043,0.1061,0.0388
13,Nott'm Forest,Brighton,0-2,A,A,35.2%,26.6%,37.4%,0.9762,0.5864,0.2571
13,West Ham,Liverpool,0-2,A,A,28.5%,23.4%,45.9%,0.7565,0.4238,0.1833
13,Chelsea,Arsenal,1-1,D,A,23.6%,27.9%,47.9%,1.2697,0.8052,0.1441
14,Bournemouth,Everton,0-1,A,H,50.3%,26.8%,22.1%,1.5037,0.9353,0.4311
14,Fulham,Man City,4-5,A,A,19.8%,24.5%,54.4%,0.5964,0.3039,0.121
14,Newcastle,Tottenham,2-2,D,H,52.2%,21.4%,23.1%,1.5079,0.9547,0.1742
14,Arsenal,Brentford,2-0,H,H,69.6%,18.1%,9.0%,0.3279,0.1216,0.0434
14,Brighton,Aston Villa,3-4,A,H,40.8%,27.0%,31.4%,1.152,0.7114,0.3186
14,Burnley,Crystal Palace,0-1,A,A,24.0%,27.3%,48.0%,0.7267,0.4007,0.1627
14,Wolves,Nott'm Forest,0-1,A,A,29.9%,28.3%,41.3%,0.8784,0.5127,0.216
14,Leeds,Chelsea,3-1,H,A,32.1%,32.0%,35.7%,1.1336,0.6904,0.2937
14,Liverpool,Sunderland,1-1,D,H,46.3%,28.4%,24.8%,1.252,0.7882,0.1391
14,Man United,West Ham,1-1,D,H,53.8%,22.9%,21.2%,1.4543,0.9364,0.1745
15,Aston Villa,Arsenal,2-1,H,A,21.1%,27.6%,50.7%,1.5487,0.9571,0.44
15,Bournemouth,Chelsea,0-0,D,A,31.9%,25.2%,41.6%,1.3638,0.8358,0.1409
15,Everton,Nott'm Forest,3-0,H,H,37.8%,33.1%,28.9%,0.9723,0.5808,0.2353
15,Man City,Sunderland,3-0,H,H,58.1%,23.5%,16.8%,0.5266,0.2537,0.0984
15,Newcastle,Burnley,2-1,H,H,67.7%,16.4%,10.2%,0.3323,0.1221,0.0458
15,Tottenham,Brentford,2-0,H,H,45.5%,23.9%,28.8%,0.7697,0.4335,0.1871
15,Leeds,Liverpool,3-3,D,H,38.0%,30.8%,30.9%,1.1744,0.7187,0.1206
15,Brighton,West Ham,1-1,D,H,56.9%,21.6%,18.8%,1.5049,0.9846,0.1897
15,Fulham,Crystal Palace,1-2,A,H,36.3%,29.3%,34.0%,1.076,0.6539,0.2836
15,Wolves,Man United,1-4,A,A,23.0%,26.2%,49.8%,0.6878,0.3715,0.1507
16,Chelsea,Everton,2-0,H,H,51.9%,29.0%,18.7%,0.6523,0.3498,0.1324
16,Liverpool,Brighton,2-0,H,H,51.2%,22.6%,23.7%,0.6442,0.3384,0.1423
16,Burnley,Fulham,2-3,A,A,29.1%,25.8%,44.0%,0.8091,0.4622,0.1972
16,Arsenal,Wolves,2-1,H,H,78.7%,8.9%,2.4%,0.1345,0.0264,0.0083
16,Crystal Palace,Man City,0-3,A,A,24.4%,26.0%,48.5%,0.7131,0.3901,0.1605
16,Nott'm Forest,Tottenham,3-0,H,A,29.7%,26.1%,43.2%,1.2054,0.7508,0.3406
16,Sunderland,Newcastle,1-0,H,H,39.7%,28.6%,31.2%,0.9189,0.5422,0.2298
16,West Ham,Aston Villa,2-3,A,A,25.0%,24.9%,48.8%,0.7042,0.3833,0.1598
16,Brentford,Leeds,1-1,D,H,35.3%,30.1%,34.4%,1.1982,0.7314,0.1219
16,Man United,Bournemouth,4-4,D,H,47.4%,25.0%,26.3%,1.3737,0.8594,0.1508
17,Newcastle,Chelsea,2-2,D,H,38.2%,26.7%,34.2%,1.3117,0.8015,0.1339
17,Bournemouth,Burnley,1-1,D,H,61.9%,19.4%,14.8%,1.6011,1.0764,0.2195
17,Brighton,Sunderland,0-0,D,H,39.6%,30.2%,29.9%,1.1948,0.7339,0.1239
17,Man City,West Ham,3-0,H,H,70.9%,11.6%,6.1%,0.2235,0.0621,0.0224
17,Wolves,Brentford,0-2,A,A,23.9%,25.7%,49.3%,0.6959,0.3772,0.1548
17,Tottenham,Liverpool,1-2,A,A,33.0%,24.2%,41.1%,0.8724,0.5121,0.2256
17,Everton,Arsenal,0-1,A,A,15.2%,29.4%,55.0%,0.5947,0.3116,0.1121
17,Leeds,Crystal Palace,4-1,H,H,43.2%,32.2%,24.4%,0.837,0.4853,0.1906
17,Aston Villa,Man United,2-1,H,H,58.8%,19.4%,17.3%,0.4849,0.2217,0.0903
17,Fulham,Nott'm Forest,1-0,H,H,49.0%,25.2%,24.6%,0.7005,0.3805,0.1577
18,Man United,Newcastle,1-0,H,H,40.1%,23.9%,34.1%,0.8951,0.53,0.2352
18,Nott'm Forest,Man City,1-2,A,A,12.6%,20.1%,64.5%,0.4093,0.1722,0.0648
18,Arsenal,Brighton,2-1,H,H,64.3%,22.6%,11.6%,0.4263,0.1869,0.0672
18,Brentford,Bournemouth,4-1,H,H,46.6%,25.2%,26.9%,0.7499,0.4177,0.1764
18,Burnley,Everton,0-0,D,A,29.7%,31.9%,38.2%,1.141,0.6983,0.1176
18,Liverpool,Wolves,2-1,H,H,73.3%,13.2%,6.1%,0.2341,0.0683,0.0239
18,West Ham,Fulham,0-1,A,A,35.8%,26.2%,37.0%,0.984,0.593,0.2616
18,Chelsea,Aston Villa,1-2,A,H,40.3%,26.8%,32.1%,1.1287,0.6958,0.3114
18,Sunderland,Leeds,1-1,D,H,34.9%,34.8%,30.3%,1.0558,0.6389,0.1068
18,Crystal Palace,Tottenham,0-1,A,H,42.8%,26.8%,29.6%,1.2075,0.7502,0.3386
19,Burnley,Newcastle,1-3,A,A,20.4%,24.8%,53.6%,0.6117,0.3151,0.1259
19,Chelsea,Bournemouth,2-2,D,H,56.4%,22.5%,18.9%,1.4705,0.9633,0.1851
19,Nott'm Forest,Everton,0-2,A,H,35.2%,35.1%,29.6%,1.2169,0.7431,0.3098
19,West Ham,Brighton,2-2,D,A,27.7%,27.4%,44.2%,1.2867,0.7997,0.1379
19,Arsenal,Aston Villa,4-1,H,H,51.4%,26.9%,20.9%,0.6574,0.3501,0.1383
19,Man United,Wolves,1-1,D,H,64.3%,20.3%,12.7%,1.5658,1.0794,0.2268
19,Crystal Palace,Fulham,1-1,D,H,36.7%,29.2%,33.7%,1.2262,0.7494,0.125
19,Liverpool,Leeds,0-0,D,H,41.8%,28.6%,29.2%,1.2476,0.7701,0.131
19,Brentford,Tottenham,0-0,D,H,44.3%,25.8%,28.8%,1.3425,0.8311,0.1426
19,Sunderland,Man City,0-0,D,A,19.0%,27.6%,52.8%,1.2811,0.8401,0.1592
20,Aston Villa,Nott'm Forest,3-1,H,H,58.7%,23.1%,16.5%,0.5158,0.2458,0.0954
20,Brighton,Burnley,2-0,H,H,58.7%,23.2%,16.5%,0.517,0.2468,0.0955
20,Wolves,West Ham,3-0,H,A,25.9%,28.3%,45.2%,1.3437,0.8337,0.3763
20,Bournemouth,Arsenal,2-3,A,A,10.8%,18.7%,67.1%,0.3643,0.1432,0.0528
20,Leeds,Man United,1-1,D,H,42.7%,29.8%,27.1%,1.2058,0.7485,0.1289
20,Everton,Brentford,2-4,A,A,28.6%,34.1%,37.1%,0.9897,0.5937,0.2385
20,Newcastle,Crystal Palace,2-0,H,H,43.7%,28.6%,27.2%,0.8237,0.4725,0.1949
20,Tottenham,Sunderland,1-1,D,A,30.5%,33.9%,35.5%,1.0801,0.6555,0.1097
20,Fulham,Liverpool,2-2,D,A,27.5%,26.6%,45.1%,1.3157,0.8189,0.1417
20,Man City,Chelsea,1-1,D,H,53.8%,24.4%,20.4%,1.3965,0.9068,0.1702
21,West Ham,Nott'm Forest,1-2,A,H,36.4%,28.9%,34.2%,1.0681,0.6491,0.2824
21,Bournemouth,Tottenham,3-2,H,H,37.5%,24.7%,36.3%,0.9666,0.5828,0.2599
21,Brentford,Sunderland,3-0,H,H,37.1%,32.6%,30.1%,0.9892,0.5922,0.2426
21,Crystal Palace,Aston Villa,0-0,D,A,24.0%,26.7%,48.5%,1.3138,0.8325,0.1489
21,Everton,Wolves,1-1,D,H,46.7%,30.9%,22.1%,1.1712,0.7444,0.1341
21,Fulham,Chelsea,2-1,H,A,29.5%,27.1%,42.7%,1.2136,0.7534,0.3394
21,Man City,Brighton,1-1,D,H,61.3%,21.3%,15.0%,1.5225,1.0294,0.209
21,Burnley,Man United,2-2,D,A,19.1%,24.8%,54.9%,1.3829,0.9073,0.173
21,Newcastle,Leeds,4-3,H,H,38.3%,29.9%,31.5%,0.9575,0.5696,0.2397
21,Arsenal,Liverpool,0-0,D,H,56.9%,24.4%,17.4%,1.396,0.9293,0.1816
22,Man United,Man City,2-0,H,A,21.2%,24.1%,53.2%,1.5366,0.9678,0.454
22,Chelsea,Brentford,2-0,H,H,39.8%,27.5%,32.0%,0.9136,0.5391,0.2313
22,Leeds,Fulham,1-0,H,H,45.0%,27.4%,27.0%,0.792,0.4489,0.1865
22,Liverpool,Burnley,1-1,D,H,70.0%,17.1%,8.8%,1.7231,1.2161,0.2707
22,Sunderland,Crystal Palace,2-1,H,H,38.4%,36.5%,25.0%,0.9571,0.5758,0.2211
22,Tottenham,West Ham,1-2,A,H,55.3%,23.6%,19.4%,1.6212,1.0174,0.4798
22,Nott'm Forest,Arsenal,0-0,D,A,11.6%,23.0%,64.1%,1.458,1.0251,0.2182
22,Wolves,Newcastle,0-0,D,A,18.8%,22.6%,56.5%,1.466,0.9618,0.1851
22,Aston Villa,Everton,0-1,A,H,57.4%,25.2%,16.3%,1.8022,1.0988,0.5169
22,Brighton,Bournemouth,1-1,D,H,48.4%,23.0%,26.4%,1.4474,0.9028,0.1589
23,West Ham,Sunderland,3-1,H,A,23.2%,30.5%,46.1%,1.4603,0.8966,0.4017
23,Burnley,Tottenham,2-2,D,A,25.6%,26.9%,46.7%,1.3053,0.8196,0.1441
23,Fulham,Brighton,2-1,H,H,36.1%,28.3%,35.1%,1.0144,0.6117,0.2653
23,Man City,Wolves,2-0,H,H,67.3%,20.6%,10.1%,0.3753,0.1527,0.0542
23,Bournemouth,Liverpool,3-2,H,A,27.2%,23.9%,47.1%,1.285,0.8129,0.3768
23,Brentford,Nott'm Forest,0-2,A,H,51.3%,27.0%,20.9%,1.5564,0.9641,0.4451
23,Crystal Palace,Chelsea,1-3,A,A,22.8%,30.5%,46.4%,0.7644,0.4314,0.1689
23,Newcastle,Aston Villa,0-2,A,H,36.9%,25.3%,36.5%,0.9938,0.6019,0.2681
23,Arsenal,Man United,2-3,A,H,56.8%,26.0%,16.4%,1.7977,1.0923,0.5118
23,Everton,Leeds,1-1,D,A,24.8%,34.2%,40.9%,1.0724,0.662,0.1146
24,Brighton,Everton,1-1,D,H,41.0%,32.7%,26.1%,1.115,0.6886,0.1185
24,Leeds,Arsenal,0-4,A,A,23.9%,31.4%,44.5%,0.8066,0.4626,0.1819
24,Wolves,Bournemouth,0-2,A,A,22.2%,24.3%,52.0%,0.6385,0.3343,0.1368
24,Chelsea,West Ham,3-2,H,H,61.8%,21.1%,14.6%,0.456,0.2033,0.0783
24,Liverpool,Newcastle,4-1,H,H,42.9%,26.1%,30.0%,0.8363,0.4825,0.2064
24,Aston Villa,Brentford,0-1,A,H,49.2%,25.4%,24.2%,1.409,0.8854,0.4096
24,Man United,Fulham,3-2,H,H,43.4%,26.0%,29.6%,0.8249,0.474,0.2025
24,Nott'm Forest,Crystal Palace,1-1,D,H,36.2%,32.9%,30.8%,1.1105,0.676,0.1132
24,Tottenham,Man City,2-2,D,A,17.8%,23.2%,57.3%,1.4435,0.9559,0.1862
24,Sunderland,Burnley,3-0,H,H,51.4%,28.8%,19.3%,0.6605,0.3552,0.1356
25,Leeds,Nott'm Forest,3-1,H,H,46.3%,30.1%,23.3%,0.7676,0.433,0.171
25,Man United,Tottenham,2-0,H,H,52.2%,22.8%,22.7%,0.627,0.3255,0.1355
25,Arsenal,Sunderland,3-0,H,H,59.4%,26.8%,13.2%,0.5146,0.252,0.0897
25,Bournemouth,Aston Villa,1-1,D,A,33.6%,24.1%,40.5%,1.4036,0.8559,0.1435
25,Burnley,West Ham,0-2,A,A,29.0%,25.4%,44.4%,0.8006,0.456,0.1949
25,Fulham,Everton,1-2,A,H,43.4%,30.8%,25.6%,1.361,0.8374,0.3711
25,Wolves,Chelsea,1-3,A,A,14.9%,25.0%,59.1%,0.5163,0.2492,0.0926
25,Newcastle,Brentford,2-3,A,H,39.3%,26.4%,33.4%,1.0887,0.6684,0.2986
25,Brighton,Crystal Palace,0-1,A,H,44.1%,31.0%,24.6%,1.3978,0.8588,0.381
25,Liverpool,Man City,1-2,A,A,34.2%,26.9%,38.1%,0.9568,0.5717,0.2491
26,Chelsea,Leeds,2-2,D,H,47.1%,27.1%,25.1%,1.298,0.8172,0.1444
26,Everton,Bournemouth,1-2,A,H,35.4%,29.1%,35.0%,1.0446,0.6321,0.2733
26,Tottenham,Newcastle,1-2,A,A,33.7%,24.9%,40.0%,0.9029,0.5343,0.2352
26,West Ham,Man United,1-1,D,A,25.2%,24.2%,49.0%,1.4032,0.8827,0.1569
26,Aston Villa,Brighton,1-0,H,H,48.9%,28.1%,22.5%,0.7097,0.389,0.1547
26,Crystal Palace,Burnley,2-3,A,H,53.6%,27.9%,18.0%,1.7116,1.0404,0.4808
26,Man City,Fulham,3-0,H,H,59.3%,22.2%,16.4%,0.5011,0.2349,0.0916
26,Nott'm Forest,Wolves,0-0,D,H,45.5%,31.0%,23.3%,1.168,0.7369,0.1311
26,Sunderland,Liverpool,0-1,A,A,27.0%,29.8%,42.9%,0.8418,0.4861,0.1985
26,Brentford,Arsenal,1-1,D,A,17.5%,25.5%,56.0%,1.3578,0.9033,0.1758
27,Wolves,Arsenal,2-2,D,A,6.1%,18.8%,73.1%,1.6526,1.2141,0.2803
27,Aston Villa,Leeds,1-1,D,H,42.1%,29.3%,28.2%,1.2227,0.7564,0.1293
27,Brentford,Brighton,0-2,A,H,44.5%,29.7%,25.4%,1.3655,0.8431,0.3772
27,Chelsea,Burnley,1-1,D,H,69.0%,16.4%,9.4%,1.756,1.2242,0.2699
27,West Ham,Bournemouth,0-0,D,A,27.4%,23.8%,47.0%,1.4177,0.8812,0.1535
27,Man City,Newcastle,2-1,H,H,59.8%,21.2%,16.3%,0.4872,0.2243,0.0885
27,Crystal Palace,Wolves,1-0,H,H,43.6%,33.2%,23.1%,0.8278,0.4806,0.1851
27,Nott'm Forest,Liverpool,0-1,A,A,18.4%,26.8%,54.0%,0.6083,0.3151,0.1211
27,Sunderland,Fulham,1-3,A,H,36.2%,31.3%,32.3%,1.129,0.688,0.2947
27,Tottenham,Arsenal,1-4,A,A,10.0%,19.7%,67.8%,0.363,0.1439,0.0516
28,Everton,Man United,0-1,A,A,27.2%,31.7%,40.9%,0.8917,0.5232,0.2112
28,Wolves,Aston Villa,2-0,H,A,14.0%,26.9%,58.5%,1.96,1.1576,0.5422
28,Bournemouth,Sunderland,1-1,D,H,41.0%,29.7%,28.9%,1.2114,0.747,0.127
28,Burnley,Brentford,3-4,A,A,17.2%,23.8%,57.6%,0.5369,0.2611,0.1015
28,Liverpool,West Ham,5-2,H,H,53.0%,26.2%,20.0%,0.6264,0.327,0.1286
28,Newcastle,Everton,2-3,A,H,36.3%,31.2%,32.2%,1.13,0.6887,0.2954
28,Leeds,Man City,0-1,A,A,20.8%,26.9%,51.5%,0.6563,0.3492,0.1378
28,Brighton,Nott'm Forest,2-1,H,H,43.2%,33.2%,23.4%,0.8368,0.487,0.188
28,Fulham,Tottenham,2-1,H,H,46.1%,25.1%,27.5%,0.761,0.4261,0.1808
28,Man United,Crystal Palace,2-1,H,H,47.5%,28.7%,23.3%,0.7391,0.411,0.1638
29,Arsenal,Chelsea,2-1,H,H,59.6%,23.0%,15.7%,0.5002,0.2351,0.0902
29,Bournemouth,Brentford,0-0,D,H,38.0%,25.1%,35.5%,1.3669,0.8331,0.139
29,Everton,Burnley,2-0,H,H,53.7%,26.8%,18.8%,0.6141,0.3191,0.1232
29,Leeds,Sunderland,0-1,A,H,43.0%,32.6%,24.2%,1.4185,0.867,0.38
29,Wolves,Liverpool,2-1,H,A,15.3%,24.7%,58.9%,1.8651,1.1312,0.5345
29,Aston Villa,Chelsea,1-4,A,A,35.1%,28.7%,35.7%,1.025,0.6188,0.2677
29,Brighton,Arsenal,0-1,A,A,15.8%,25.9%,57.4%,0.5468,0.2713,0.1014
29,Fulham,West Ham,0-1,A,H,51.7%,24.0%,22.7%,1.4678,0.9279,0.4341
29,Man City,Nott'm Forest,2-2,D,H,66.7%,21.6%,10.1%,1.5144,1.0785,0.235
29,Newcastle,Man United,2-1,H,A,31.8%,25.0%,41.8%,1.1314,0.7028,0.3192
30,Tottenham,Crystal Palace,1-3,A,A,34.8%,29.9%,34.9%,1.0484,0.634,0.2719
30,Burnley,Bournemouth,0-0,D,A,17.5%,22.6%,57.9%,1.4678,0.9734,0.1906
30,Sunderland,Brighton,0-1,A,A,29.1%,35.3%,35.4%,1.0362,0.6264,0.2506
30,Arsenal,Everton,2-0,H,H,60.4%,26.4%,12.6%,0.4986,0.2409,0.0851
30,Chelsea,Newcastle,0-1,A,H,50.4%,23.1%,24.3%,1.3921,0.8862,0.4153
30,West Ham,Man City,1-1,D,A,14.4%,21.9%,61.6%,1.4963,1.0193,0.2085
30,Crystal Palace,Leeds,0-0,D,A,24.9%,32.4%,42.5%,1.1246,0.6995,0.1218
30,Man United,Aston Villa,3-1,H,H,40.2%,28.4%,30.9%,0.9059,0.5328,0.2257
30,Nott'm Forest,Fulham,0-0,D,A,27.0%,29.7%,42.9%,1.2111,0.7522,0.1296
30,Liverpool,Tottenham,1-1,D,H,57.6%,22.0%,18.0%,1.4905,0.9827,0.1913
31,Brentford,Wolves,2-2,D,H,46.8%,30.0%,22.9%,1.1999,0.7612,0.1365
31,Bournemouth,Man United,2-2,D,A,25.8%,28.0%,45.6%,1.2661,0.7931,0.1387
31,Brighton,Liverpool,2-1,H,A,28.1%,30.4%,41.2%,1.2678,0.7803,0.3436
31,Fulham,Burnley,3-1,H,H,51.3%,26.2%,21.6%,0.6577,0.3495,0.1398
31,Everton,Chelsea,3-0,H,A,23.0%,30.6%,46.1%,1.4663,0.8996,0.4026
31,Leeds,Brentford,0-0,D,A,31.2%,31.4%,37.2%,1.1559,0.7061,0.1183
31,Newcastle,Sunderland,1-2,A,H,38.6%,30.7%,30.5%,1.1861,0.7268,0.3162
31,Aston Villa,West Ham,2-0,H,H,38.2%,28.4%,32.9%,0.9567,0.5699,0.2442
31,Tottenham,Nott'm Forest,0-3,A,A,32.5%,30.7%,36.5%,1.0054,0.6033,0.2542
31,West Ham,Wolves,4-0,H,H,37.8%,31.8%,30.1%,0.9704,0.5788,0.2385
32,Arsenal,Bournemouth,1-2,A,H,65.6%,21.3%,11.2%,2.1737,1.2802,0.6165
32,Brentford,Everton,2-2,D,A,33.7%,31.8%,34.2%,1.1429,0.6958,0.116
32,Burnley,Brighton,0-2,A,A,15.2%,24.9%,58.8%,0.5203,0.2516,0.0941
32,Liverpool,Fulham,2-0,H,H,44.5%,26.5%,28.1%,0.7998,0.4549,0.1917
32,Crystal Palace,Newcastle,2-1,H,A,30.0%,28.3%,41.1%,1.1981,0.7396,0.3292
32,Nott'm Forest,Aston Villa,1-1,D,A,27.4%,30.6%,41.7%,1.1804,0.7304,0.1252
32,Sunderland,Tottenham,1-0,H,H,46.7%,28.8%,24.0%,0.756,0.4232,0.1697
32,Chelsea,Man City,0-3,A,A,27.4%,26.6%,45.1%,0.7867,0.445,0.1865
32,Man United,Leeds,1-2,A,H,39.2%,30.6%,30.0%,1.2012,0.737,0.3216
32,Brentford,Fulham,0-0,D,H,38.1%,28.2%,33.1%,1.2593,0.7706,0.1289
33,Leeds,Wolves,3-0,H,H,51.2%,31.0%,17.5%,0.6668,0.3644,0.1338
33,Newcastle,Bournemouth,1-2,A,A,32.4%,26.3%,40.4%,0.8974,0.5282,0.2288
33,Tottenham,Brighton,2-2,D,A,16.1%,25.9%,57.2%,1.3433,0.9048,0.1794
33,Chelsea,Man United,0-1,A,A,32.6%,26.3%,40.1%,0.9034,0.5327,0.231
33,Aston Villa,Sunderland,4-3,H,H,34.6%,32.8%,32.5%,1.0604,0.641,0.2666
33,Everton,Liverpool,1-2,A,A,28.5%,30.2%,41.0%,0.8892,0.5206,0.2145
33,Nott'm Forest,Burnley,4-1,H,H,48.0%,29.0%,22.6%,0.7302,0.4048,0.1601
33,Man City,Arsenal,2-1,H,A,27.0%,29.3%,43.4%,1.3068,0.8078,0.3607
33,Crystal Palace,West Ham,0-0,D,A,33.8%,30.2%,35.7%,1.1952,0.7296,0.1217
33,Brighton,Chelsea,3-0,H,H,38.0%,31.1%,30.6%,0.9658,0.5754,0.239
34,Bournemouth,Leeds,2-2,D,A,32.8%,31.4%,35.6%,1.1555,0.7044,0.1175
34,Burnley,Man City,0-1,A,A,6.0%,12.5%,72.8%,0.2264,0.0642,0.0226
34,Sunderland,Nott'm Forest,0-5,A,H,38.0%,32.4%,29.3%,1.2242,0.7492,0.3219
34,Fulham,Aston Villa,1-0,H,A,35.1%,27.1%,37.1%,1.0406,0.6325,0.2789
34,Liverpool,Crystal Palace,3-1,H,H,50.0%,28.0%,21.5%,0.6885,0.3736,0.1473
34,West Ham,Everton,2-1,H,A,30.3%,30.5%,39.0%,1.1919,0.731,0.3188
34,Wolves,Tottenham,0-1,A,A,31.6%,27.6%,40.2%,0.9054,0.5329,0.2278
34,Arsenal,Newcastle,1-0,H,H,65.6%,19.0%,11.9%,0.3857,0.1563,0.0588
34,Man United,Brentford,2-1,H,H,43.0%,27.1%,29.1%,0.8368,0.4823,0.2038
34,Leeds,Burnley,3-1,H,H,67.5%,20.2%,10.1%,0.3706,0.1492,0.0533
35,Brentford,West Ham,3-0,H,H,41.1%,27.9%,30.5%,0.8839,0.5169,0.2192
35,Newcastle,Brighton,3-1,H,A,28.0%,28.5%,43.0%,1.2687,0.7856,0.3517
35,Wolves,Sunderland,1-1,D,A,24.8%,30.6%,44.4%,1.1829,0.741,0.13
35,Arsenal,Fulham,3-0,H,H,61.6%,24.3%,13.0%,0.474,0.2203,0.0799
35,Bournemouth,Crystal Palace,3-0,H,H,44.4%,29.2%,26.0%,0.8083,0.4615,0.1877
35,Man United,Liverpool,3-2,H,A,33.0%,26.1%,39.8%,1.0977,0.6756,0.303
35,Aston Villa,Tottenham,1-2,A,H,53.0%,23.9%,21.4%,1.5236,0.9613,0.4511
35,Chelsea,Nott'm Forest,1-3,A,H,35.5%,29.1%,35.0%,1.0459,0.6331,0.2738
35,Everton,Man City,3-3,D,A,22.2%,29.1%,48.3%,1.2302,0.7859,0.1425
35,Liverpool,Chelsea,1-1,D,H,53.4%,23.9%,21.1%,1.4165,0.9147,0.1705
36,Brighton,Wolves,3-0,H,H,65.3%,22.5%,10.8%,0.4128,0.1786,0.0632
36,Fulham,Bournemouth,0-1,A,A,31.0%,28.3%,40.2%,0.9067,0.5335,0.2261
36,Sunderland,Man United,0-0,D,A,25.9%,27.0%,46.3%,1.3027,0.8165,0.1431
36,Man City,Brentford,3-0,H,H,57.0%,23.1%,18.1%,0.5433,0.2649,0.1048
36,Burnley,Aston Villa,2-2,D,A,21.2%,23.4%,53.6%,1.4335,0.9243,0.1722
36,Crystal Palace,Everton,2-2,D,A,29.0%,30.8%,40.0%,1.1741,0.7221,0.1224
36,Nott'm Forest,Newcastle,1-1,D,H,43.0%,26.2%,29.8%,1.3293,0.82,0.1396
36,West Ham,Arsenal,0-1,A,A,14.5%,23.2%,60.8%,0.4824,0.2235,0.0841
36,Tottenham,Leeds,1-1,D,A,23.1%,27.4%,48.8%,1.288,0.8202,0.1479
36,Man City,Crystal Palace,3-0,H,H,66.1%,20.7%,11.0%,0.392,0.1627,0.0589
37,Aston Villa,Liverpool,4-2,H,A,30.4%,24.3%,43.6%,1.1732,0.7347,0.3368
37,Man United,Nott'm Forest,3-2,H,H,44.8%,28.2%,26.4%,0.7971,0.4529,0.1861
37,Brentford,Crystal Palace,2-2,D,H,51.7%,26.6%,20.9%,1.316,0.8513,0.1579
37,Everton,Sunderland,1-3,A,H,50.7%,27.5%,21.1%,1.5476,0.9571,0.4403
37,Leeds,Brighton,1-0,H,H,39.3%,31.8%,28.7%,0.9318,0.5516,0.225
37,Wolves,Fulham,1-1,D,A,23.4%,29.8%,46.4%,1.2074,0.7638,0.1362
37,Newcastle,West Ham,3-1,H,H,49.6%,25.0%,24.1%,0.6882,0.3713,0.1536
37,Arsenal,Burnley,1-0,H,H,76.4%,9.2%,3.0%,0.1486,0.031,0.0101
37,Bournemouth,Man City,1-1,D,A,27.0%,26.7%,45.5%,1.3118,0.8182,0.1422
37,Chelsea,Tottenham,2-1,H,H,49.4%,24.8%,24.5%,0.6914,0.3737,0.1553
38,Brighton,Man United,0-3,A,H,42.6%,28.7%,28.1%,1.2629,0.7813,0.3489
38,Burnley,Wolves,1-1,D,H,46.5%,27.7%,25.2%,1.2764,0.8027,0.1414
38,Crystal Palace,Arsenal,1-2,A,A,14.3%,25.8%,59.1%,0.5177,0.2517,0.092
38,Fulham,Newcastle,2-0,H,A,31.5%,27.2%,40.6%,1.1481,0.7084,0.3167
38,Liverpool,Brentford,1-1,D,H,49.9%,22.4%,25.0%,1.4696,0.9221,0.1646
38,Man City,Aston Villa,1-2,A,H,64.8%,18.1%,12.5%,2.0337,1.2529,0.6084
38,Nott'm Forest,Bournemouth,1-1,D,H,35.9%,28.7%,34.9%,1.2419,0.7587,0.1265
38,Sunderland,Chelsea,2-1,H,H,39.1%,28.4%,32.0%,0.9342,0.5535,0.236
38,Tottenham,Everton,1-0,H,A,35.1%,26.4%,37.6%,1.0382,0.6322,0.2806
38,West Ham,Leeds,3-0,H,A,26.2%,30.2%,43.2%,1.3348,0.8228,0.3654
